level1,level2,level3,level4
nba,nba scores,today,2020
nba,nba scores,today,lakers
nba,nba scores,today,game
nba,nba scores,today,lakers vs clippers
nba,nba scores,today,playoffs
nba,nba scores,today,scrimmage
nba,nba scores,today,please
nba,nba scores,today,channel
nba,nba scores,today,2020 espn
nba,nba scores,yesterday,2020
nba,nba scores,yesterday,lakers
nba,nba scores,yesterday,golden state warriors
nba,nba scores,yesterday,from please
nba,nba scores,yesterday,summer league
nba,nba scores,last night,lakers
nba,nba scores,last night,night's games
nba,nba scores,last night,playoffs
nba,nba scores,last night,please
nba,nba scores,last night,2019 playoffs
nba,nba scores,last night,2018
nba,nba scores,last night,tonight
nba,nba scores,last night,sports
nba,nba scores,last night,wednesday
nba,nba scores,live,today
nba,nba scores,live,now
nba,nba scores,live,livescore
nba,nba scores,live,updates
nba,nba scores,live,watch
nba,nba scores,live,stream reddit
nba,nba scores,live,now today
nba,nba scores,live,stats
nba,nba scores,and standings,espn
nba,nba scores,and standings,2020
nba,nba scores,and standings,today
nba,nba scores,and standings,playoffs
nba,nba scores,and standings,2019 to 2020
nba,nba scores,and standings,updates
nba,nba scores,and standings,lakers
nba,nba scores,and standings,bracket
nba,nba scores,and standings,2019 schedule
nba,nba scores,2020,season
nba,nba scores,2020,playoffs
nba,nba scores,2020,leaders
nba,nba scores,2020,yesterday
nba,nba scores,2020,live
nba,nba scores,2020,scrimmage
nba,nba scores,2020,bubble
nba,nba scores,2020,finals
nba,nba scores,2020,average
nba,nba scores,cbs,picks
nba,nba scores,cbs,and standings
nba,nba scores,cbs,espn
nba,nba scores,now,nowitzki
nba,nba scores,now,basketball
nba,nba scores,now,live today
nba,nba scores,now,final right
nba,nba scores,now,basketball right
nba,nba scores,now,all right
nba,nba scores,now,playoff right
nba,nba scores,now,game right
nba,nba scores,now,live right
nba,nba scores,for tonight,games
nba,nba playoffs,today,games
nba,nba playoffs,today,schedule
nba,nba playoffs,today,on tv
nba,nba playoffs,today,channel
nba,nba playoffs,today,on abc
nba,nba playoffs,today,scores
nba,nba playoffs,today,live
nba,nba playoffs,today,time
nba,nba playoffs,today,2020
nba,nba playoffs,schedule,today
nba,nba playoffs,schedule,tv
nba,nba playoffs,schedule,2020
nba,nba playoffs,schedule,2019
nba,nba playoffs,schedule,round 2
nba,nba playoffs,schedule,second round
nba,nba playoffs,schedule,orlando
nba,nba playoffs,schedule,espn
nba,nba playoffs,schedule,lakers
nba,nba playoffs,scores,today
nba,nba playoffs,scores,last night
nba,nba playoffs,scores,bracket
nba,nba playoffs,scores,yesterday
nba,nba playoffs,scores,and standings
nba,nba playoffs,scores,tonight
nba,nba playoffs,scores,2019
nba,nba playoffs,scores,and highlights
nba,nba playoffs,scores,live
nba,nba playoffs,tv schedule,today
nba,nba playoffs,tv schedule,espn
nba,nba playoffs,tv schedule,2020 printable
nba,nba playoffs,tv schedule,canada
nba,nba playoffs,tv schedule,for tonight
nba,nba playoffs,tv schedule,uk
nba,nba playoffs,tv schedule,india
nba,nba playoffs,tv schedule,tsn
nba,nba playoffs,tv schedule,australia
nba,nba playoffs,2019,bracket
nba,nba playoffs,2019,schedule
nba,nba playoffs,2019,dates
nba,nba playoffs,2019,results
nba,nba playoffs,2019,okc vs portland
nba,nba playoffs,2019,2019-20
nba,nba playoffs,2019,start date
nba,nba playoffs,2019,teams
nba,nba playoffs,2019,wiki
nba,nba playoffs,tonight,channel
nba,nba playoffs,tonight,on tnt
nba,nba playoffs,tonight,scores
nba,nba playoffs,tonight,who's playing
nba,nba playoffs,tonight,who plays
nba,nba playoffs,tonight,games
nba,nba playoffs,tonight,tv
nba,nba playoffs,tonight,live stream free
nba,nba playoffs,tonight,on tv 2020
nba,nba playoffs,start,date
nba,nba playoffs,start,date 2020
nba,nba playoffs,start,today
nba,nba playoffs,start,time
nba,nba playoffs,start,starting lineups
nba,nba playoffs,start,tonight
nba,nba playoffs,start,bubble
nba,nba playoffs,start,tomorrow
nba,nba playoffs,start,back
nba,nba playoffs,start date,2020
nba,nba playoffs,start date,bubble
nba,nba playoffs,start date,2019
nba,nba playoffs,start date,championship
nba,nba playoffs,start date,second round
nba,nba playoffs,start date,2019 championship
nba,nba playoffs,live,stream
nba,nba playoffs,live,stream reddit
nba,nba playoffs,live,free
nba,nba playoffs,live,bracket
nba,nba playoffs,live,score
nba,nba playoffs,live,free stream
nba,nba playoffs,live,stream free online
nba,nba playoffs,live,tnt
nba,nba playoffs,live,stream online
nba,nba games,live,stream
nba,nba games,live,today
nba,nba games,live,reddit
nba,nba games,live,right now
nba,nba games,live,online
nba,nba games,live,rn
nba,nba games,live,stream online
nba,nba games,live,tonight
nba,nba games,live,channels
nba,nba games,yesterday,results
nba,nba games,yesterday,highlights
nba,nba games,yesterday,times
nba,nba games,yesterday,on tv
nba,nba games,yesterday,2020
nba,nba games,yesterday,lakers
nba,nba games,yesterday,score
nba,nba games,tonight on tv 2020,playoffs
nba,nba games,tonight on tv 2020,Aug-30
nba,nba games,tonight on tv 2020,september
nba,nba games,tonight on tv 2020,today
nba,nba games,today on abc,tonight
nba,nba games,today on abc,tonight
nba,nba games,today on abc,sunday
nba,nba games,today on abc,playoff
nba,nba games,today on abc,basketball
nba,nba games,today on abc,any
nba,nba games,today on abc,today on abc
nba,nba games,today on abc,2020
nba,nba games,today on abc,2019
nba,nba games,right now,channel
nba,nba games,right now,live
nba,nba games,right now,now￼
nba,nba games,right now,playoff
nba,nba games,right now,today
nba,nba games,right now,all
nba,nba games,right now,live free
nba,nba games,right now,summer league
nba,nba games,right now,any going on
nba,nba games,2020,season
nba,nba games,2020,schedule
nba,nba games,2020,tickets
nba,nba games,2020,resume
nba,nba games,2020,today
nba,nba games,2020,on tv
nba,nba games,2020,tv schedule
nba,nba games,2020,live
nba,nba games,2020,channel
nba,nba games,on now,channel
nba,nba games,on now,tv
nba,nba games,on now,basketball
nba,nba games,on now,going
nba,nba games,on now,any
nba,nba games,on now,playoff
nba,nba games,on now,live
nba,nba games,on now,directv
nba,nba games,on now,summer league
nba,nba games,on tv,today
nba,nba games,on tv,now
nba,nba games,on tv,schedule
nba,nba games,on tv,today scores
nba,nba games,on tv,august 2 2020
nba,nba games,on tv,channel
nba,nba games,on tv,july 31 2020
nba,nba games,on tv,today 2020
nba,nba games,on tv,august 25 2020
nba,nba games,last night,highlights
nba,nba games,last night,youtube
nba,nba games,last night,night￼
nba,nba games,last night,friday
nba,nba games,last night,yesterday
nba,nba games,last night,latest result
nba,nba games,last night,playoff
nba,nba games,last night,preseason
nba,nba games,last night,playoff scores
nba,nba youngboy,net worth,2020
nba,nba youngboy,net worth,2018
nba,nba youngboy,net worth,2017
nba,nba youngboy,net worth,forbes
nba,nba youngboy,net worth,2019 forbes
nba,nba youngboy,net worth,forbes 2020
nba,nba youngboy,net worth,age
nba,nba youngboy,net worth,now
nba,nba youngboy,net worth,over the years
nba,nba youngboy,kids,ages
nba,nba youngboy,kids,name
nba,nba youngboy,kids,2020
nba,nba youngboy,age,2020
nba,nba youngboy,age,2016
nba,nba youngboy,age,height
nba,nba youngboy,age,2015
nba,nba youngboy,age,agent
nba,nba youngboy,age,net worth
nba,nba youngboy,age,16
nba,nba youngboy,age,12
nba,nba youngboy,age,son
nba,nba youngboy,net worth 2020,forbes
nba,nba youngboy,height,and weight
nba,nba youngboy,height,2020
nba,nba youngboy,height,in feet
nba,nba youngboy,height,in ft
nba,nba youngboy,merch,merchandise
nba,nba youngboy,merch,cheap
nba,nba youngboy,merch,shoes
nba,nba youngboy,merch,amazon
nba,nba youngboy,merch,backpack
nba,nba youngboy,merch,hibbett sports
nba,nba youngboy,merch,2020
nba,nba youngboy,merch,ski mask
nba,nba youngboy,merch,slatt
nba,nba youngboy,quotes,about love
nba,nba youngboy,quotes,sad
nba,nba youngboy,quotes,no love
nba,nba youngboy,quotes,about trust
nba,nba youngboy,quotes,twitter
nba,nba youngboy,quotes,about relationships
nba,nba youngboy,quotes,fake friends
nba,nba youngboy,quotes,about loyalty
nba,nba youngboy,quotes,about family
nba,nba youngboy,instagram,name
nba,nba youngboy,instagram,captions
nba,nba youngboy,instagram,pictures
nba,nba youngboy,instagram,account
nba,nba youngboy,instagram,quotes
nba,nba youngboy,instagram,deleted
nba,nba youngboy,instagram,posts
nba,nba youngboy,instagram,pics
nba,nba youngboy,instagram,password
nba,nba youngboy,lyrics,death enclaimed
nba,nba youngboy,lyrics,all in
nba,nba youngboy,lyrics,bad bad
nba,nba youngboy,lyrics,about love
nba,nba youngboy,lyrics,ride
nba,nba youngboy,lyrics,lil top
nba,nba youngboy,lyrics,genie
nba,nba youngboy,lyrics,nurse
nba,nba youngboy,lyrics,uncharted love
nba,nba standings,2020,bubble
nba,nba standings,2020,west
nba,nba standings,2020,2020-21
nba,nba standings,2020,playoff picture
nba,nba standings,2020,playoff
nba,nba standings,2020,western conference
nba,nba standings,2020,restart
nba,nba standings,2020,20202
nba,nba standings,2020,orlando
nba,nba standings,bubble,teams
nba,nba standings,bubble,2020
nba,nba standings,bubble,playoffs
nba,nba standings,bubble,teams 2020
nba,nba standings,bubble,schedule
nba,nba standings,bubble,today
nba,nba standings,bubble,western conference
nba,nba standings,bubble,east
nba,nba standings,bubble,records
nba,nba standings,west,western conference
nba,nba standings,west,conference
nba,nba standings,west,western 2020
nba,nba standings,west,playoffs
nba,nba standings,west,8th seed
nba,nba standings,west,2019-20
nba,nba standings,west,conference 2020
nba,nba standings,west,play in
nba,nba standings,west,bubble
nba,nba standings,2018,2018-19 season
nba,nba standings,2018,season
nba,nba standings,2018,playoffs
nba,nba standings,2018,2018-19 playoffs
nba,nba standings,2018,to 2019 season
nba,nba standings,2018,to 2019 playoffs
nba,nba standings,2018,regular season
nba,nba standings,2018,2018-19 western conference
nba,nba standings,2018,2018/19
nba,nba standings,espn,bracket
nba,nba standings,espn,ranking
nba,nba standings,espn,scores
nba,nba standings,espn,projected
nba,nba standings,espn,player
nba,nba standings,espn,2015
nba,nba standings,espn,2013
nba,nba standings,espn,ranking 2019
nba,nba standings,espn,predictions 2020
nba,nba standings,2017,playoffs
nba,nba standings,2017,2017-18 playoffs
nba,nba standings,2017,2017-18 espn
nba,nba standings,2017,playoffs bracket
nba,nba standings,2017,east and west
nba,nba standings,2017,overall
nba,nba standings,2017,ranking 2017-18
nba,nba standings,2017,west
nba,nba standings,2017,east
nba,nba standings,2020 bubble,teams
nba,nba standings,bracket,2020
nba,nba standings,bracket,playoffs 2019
nba,nba standings,bracket,current
nba,nba standings,bracket,playoffs 2019 as of today
nba,nba standings,bracket,playoffs 2011
nba,nba standings,bracket,2018 playoffs
nba,nba standings,bracket,playoffs 2012
nba,nba standings,bracket,2017 playoffs
nba,nba standings,bracket,playoffs 2014
nba,nba standings,2016,2016-17
nba,nba standings,2016,playoffs
nba,nba standings,2016,season
nba,nba standings,2016,17 espn
nba,nba standings,2016,west
nba,nba standings,2016,ranking
nba,nba standings,2016,east
nba,nba standings,2016,final
nba,nba standings,2016,league 2016-17
nba,nba today,game,games on tv
nba,nba today,game,games results
nba,nba today,game,games schedule
nba,nba today,game,channel
nba,nba today,game,games predictions
nba,nba today,game,games scores
nba,nba today,game,games live
nba,nba today,game,time
nba,nba today,game,games odds sharks
nba,nba today,scores,golden state warriors
nba,nba today,scores,lakers
nba,nba today,scores,scrimmage
nba,nba today,scores,live streaming
nba,nba today,scores,lakers vs clippers
nba,nba today,scores,and standings
nba,nba today,scores,cbs
nba,nba today,scores,yahoo
nba,nba today,scores,google
nba,nba today,on tv,games
nba,nba today,on tv,playoffs
nba,nba today,on tv,games canada
nba,nba today,on tv,games philippine time
nba,nba today,on tv,scrimmages
nba,nba today,on tv,canadian
nba,nba today,on tv,live
nba,nba today,on tv,basketball games
nba,nba today,on tv,directv
nba,nba today,channel,playoffs
nba,nba today,channel,games spectrum
nba,nba today,channel,scrimmages
nba,nba today,channel,game directv
nba,nba today,channel,games 23
nba,nba today,channel,games at&t
nba,nba today,channel,live
nba,nba today,channel,games dish
nba,nba today,channel,games number
nba,nba today,on abc,basketball
nba,nba today,on abc,playoffs
nba,nba today,on abc,games tonight
nba,nba today,on abc,playoff games
nba,nba today,on abc,any games
nba,nba today,live,stream
nba,nba today,live,score
nba,nba today,live,match
nba,nba today,live,2020
nba,nba today,live,2019
nba,nba today,live,stream free
nba,nba today,live,online
nba,nba today,live,lakers
nba,nba today,live,game 6
nba,nba today,predictions,cbs
nba,nba today,predictions,dream11 prediction
nba,nba today,predictions,covers
nba,nba today,predictions,games
nba,nba today,predictions,picks and parlays
nba,nba today,predictions,reddit
nba,nba today,predictions,pickpapa
nba,nba today,predictions,winners and whiners
nba,nba today,predictions,espn
nba,nba 2k21,release date,ps4
nba,nba 2k21,release date,ps5
nba,nba 2k21,release date,xbox one
nba,nba 2k21,release date,switch
nba,nba 2k21,release date,2020
nba,nba 2k21,release date,pc
nba,nba 2k21,release date,pre order
nba,nba 2k21,release date,price
nba,nba 2k21,release date,prelude
nba,nba 2k21,locker codes,vc
nba,nba 2k21,locker codes,twitter
nba,nba 2k21,locker codes,not working
nba,nba 2k21,locker codes,vc ps4
nba,nba 2k21,locker codes,ps4
nba,nba 2k21,locker codes,instagram
nba,nba 2k21,locker codes,that don't expire
nba,nba 2k21,locker codes,xbox one
nba,nba 2k21,locker codes,today
nba,nba 2k21,update,today
nba,nba 2k21,update,notes
nba,nba 2k21,update,1.01
nba,nba 2k21,update,size
nba,nba 2k21,update,1.02
nba,nba 2k21,update,version 1.02
nba,nba 2k21,update,ps4
nba,nba 2k21,update,pc
nba,nba 2k21,update,xbox one
nba,nba 2k21,patch,notes
nba,nba 2k21,patch,1.02
nba,nba 2k21,patch,notes 1.02
nba,nba 2k21,patch,2
nba,nba 2k21,patch,3
nba,nba 2k21,patch,1.01
nba,nba 2k21,patch,notes today
nba,nba 2k21,patch,2 notes
nba,nba 2k21,patch,update
nba,nba 2k21,patch 1.02,notes
nba,nba 2k21,release,date
nba,nba 2k21,release,date ps4
nba,nba 2k21,release,date ps5
nba,nba 2k21,release,date xbox one
nba,nba 2k21,release,day
nba,nba 2k21,release,time
nba,nba 2k21,release,date switch
nba,nba 2k21,release,date pc
nba,nba 2k21,release,date pre order
nba,nba 2k21,mycareer,story
nba,nba 2k21,mycareer,locker codes
nba,nba 2k21,mycareer,trailer
nba,nba 2k21,mycareer,cast
nba,nba 2k21,mycareer,storyline
nba,nba 2k21,mycareer,build
nba,nba 2k21,mycareer,news
nba,nba 2k21,mycareer,transfer
nba,nba 2k21,mycareer,offline
nba,nba 2k21,cover,athlete
nba,nba 2k21,cover,kobe
nba,nba 2k21,cover,template
nba,nba 2k21,cover,legend edition
nba,nba 2k21,cover,art
nba,nba 2k21,cover,damian lillard
nba,nba 2k21,cover,zion
nba,nba 2k21,cover,xbox one
nba,nba 2k21,cover,mycareer
nba,nba 2k21,pre order,release date
nba,nba 2k21,pre order,ps4
nba,nba 2k21,pre order,date
nba,nba 2k21,pre order,price
nba,nba 2k21,pre order,xbox one
nba,nba 2k21,pre order,gamestop
nba,nba 2k21,pre order,early access
nba,nba 2k21,pre order,deadline
nba,nba 2k21,pre order,chart
nba,nba news,and rumors,today
nba,nba news,and rumors,bulls
nba,nba news,and rumors,spurs
nba,nba news,and rumors,rockets
nba,nba news,and rumors,knicks
nba,nba news,and rumors,hawks
nba,nba news,and rumors,celtics
nba,nba news,and rumors,timberwolves
nba,nba news,and rumors,warriors
nba,nba news,and rumors,pistons
nba,nba news,lakers,trade
nba,nba news,lakers,today
nba,nba news,lakers,rumors
nba,nba news,lakers,schedule
nba,nba news,lakers,practice
nba,nba news,lakers,rondo
nba,nba news,lakers,clippers
nba,nba news,lakers,scores
nba,nba news,lakers,roster
nba,nba news,trade,rumors
nba,nba news,trade,2020
nba,nba news,trade,lakers
nba,nba news,trade,warriors
nba,nba news,trade,2021
nba,nba news,trade,spurs
nba,nba news,trade,bulls
nba,nba news,trade,trades signings
nba,nba news,trade,celtics
nba,nba news,clippers,roster
nba,nba news,clippers,vs mavericks
nba,nba news,clippers,vs nuggets
nba,nba news,clippers,injury report
nba,nba news,clippers,trade
nba,nba news,clippers,and rumors
nba,nba news,clippers,now
nba,nba news,clippers,latest
nba,nba news,clippers,kawhi
nba,nba news,rockets,rumors
nba,nba news,rockets,trade rumors
nba,nba news,rockets,roster
nba,nba news,rockets,vs warriors
nba,nba news,rockets,vs clippers
nba,nba news,rockets,vs nuggets
nba,nba news,rockets,trade
nba,nba news,rockets,gsw vs
nba,nba news,rockets,trade houston
nba,nba news,warriors,trade
nba,nba news,warriors,rumors
nba,nba news,warriors,klay thompson
nba,nba news,warriors,roster
nba,nba news,warriors,injury report
nba,nba news,warriors,durant
nba,nba news,warriors,vs rockets
nba,nba news,warriors,iguodala
nba,nba news,warriors,andre iguodala
nba,nba news,espn,youtube
nba,nba news,espn,and rumors
nba,nba news,espn,trade
nba,nba news,espn,update
nba,nba news,espn,draft
nba,nba news,espn,raptors
nba,nba news,espn,finals
nba,nba news,espn,player
nba,nba news,espn,free agency
nba,nba news,scores,standings
nba,nba news,scores,standings yahoo
nba,nba news,scores,stats
nba,nba news,scores,nfl
nba,nba news,scores,lakers
nba,nba news,scores,scores
nba,nba news,scores,mlb
nba,nba news,scores,lakers
nba,nba news,scores,fox
nba,nba news,celtics,vs raptors
nba,nba news,celtics,rumors
nba,nba news,celtics,trade rumors
nba,nba news,celtics,trade
nba,nba news,celtics,roster
nba,nba news,celtics,now
nba,nba news,celtics,boston
nba,nba news,celtics,draft
nba,nba news,celtics,today
nba,nba bubble,schedule,2020
nba,nba bubble,schedule,playoffs
nba,nba bubble,schedule,today
nba,nba bubble,schedule,preseason
nba,nba bubble,schedule,lakers
nba,nba bubble,schedule,scrimmage
nba,nba bubble,schedule,by team
nba,nba bubble,schedule,strength
nba,nba bubble,schedule,finals
nba,nba bubble,standings,2020
nba,nba bubble,standings,playoffs
nba,nba bubble,standings,today
nba,nba bubble,standings,western conference
nba,nba bubble,standings,west
nba,nba bubble,standings,suns
nba,nba bubble,standings,rules
nba,nba bubble,standings,bracket
nba,nba bubble,standings,east
nba,nba bubble,teams,2020
nba,nba bubble,teams,standings
nba,nba bubble,teams,schedule
nba,nba bubble,teams,roster
nba,nba bubble,teams,hotels
nba,nba bubble,teams,records
nba,nba bubble,teams,left out
nba,nba bubble,teams,eliminated
nba,nba bubble,teams,left
nba,nba bubble,stats,leaders
nba,nba bubble,stats,basketball reference
nba,nba bubble,stats,ppg
nba,nba bubble,stats,only
nba,nba bubble,stats,count
nba,nba bubble,stats,quiz
nba,nba bubble,stats,players
nba,nba bubble,stats,teams
nba,nba bubble,stats,celtics
nba,nba bubble,food,menu
nba,nba bubble,food,pictures
nba,nba bubble,food,delivery
nba,nba bubble,food,reddit
nba,nba bubble,food,lebron
nba,nba bubble,food,pics
nba,nba bubble,food,complaints
nba,nba bubble,food,twitter
nba,nba bubble,food,memes
nba,nba bubble,records,so far
nba,nba bubble,records,best
nba,nba bubble,records,all
nba,nba bubble,records,win loss
nba,nba bubble,playoffs,format
nba,nba bubble,playoffs,schedule
nba,nba bubble,playoffs,bracket
nba,nba bubble,playoffs,rules
nba,nba bubble,playoffs,standings
nba,nba bubble,playoffs,start
nba,nba bubble,playoffs,2020
nba,nba bubble,playoffs,scores
nba,nba bubble,playoffs,start date
nba,nba bubble,plan,hotels
nba,nba bubble,plan,families
nba,nba bubble,plan,schedule
nba,nba bubble,plan,explained
nba,nba bubble,plan,orlando
nba,nba bubble,plan,floor
nba,nba bubble,hotels,location
